Year,Treatment,Genotype,Max_Metaxylem_Vessel_Area,Median_Metaxylem_Vessel_Area,Metaxylem_Vessel_Number,Total_Metaxylem_Vessel_Area,Volumetric_Flow
2015,WS,793,0.006928814,0.005078431,14,0.070172926,1.45E-05
2015,WW,793,0.007284663,0.005097281,16.75,0.084703078,1.83E-05
2015,WS,904,0.00766346,0.005438542,13.5,0.071737941,1.63E-05
2015,WW,904,0.007644118,0.005395597,11.25,0.062965464,1.54E-05
2015,WS,911,0.006592142,0.00578554,7.75,0.042591748,9.65E-06
2015,WW,911,0.00986248,0.007438001,11.5,0.08314134,2.55E-05
2015,WS,912,0.009754791,0.007789261,12.75,0.091953318,2.94E-05
2015,WW,912,0.008472357,0.006222361,15,0.090419938,2.44E-05
2015,WS,33-16,0.007370049,0.004802423,25.75,0.110157302,4.46E-05
2015,WW,33-16,0.008444328,0.005915009,30.5,0.174210598,7.77E-05
2015,WS,4554_INBRED,0.00910587,0.006022062,10.5,0.069406972,2.26E-05
2015,WW,4554_INBRED,0.013700274,0.008976708,15.25,0.134487862,5.39E-05
2015,WS,A155,0.011867758,0.008316478,18.5,0.147256963,4.95E-05
2015,WW,A155,0.011868741,0.008665197,20.75,0.173217559,6.19E-05
2015,WS,A374,0.008357898,0.006506502,13.5,0.081549433,6.07E-05
2015,WW,A374,0.007434813,0.005599583,15,0.082482969,5.23E-05
2015,WS,A427,0.011792686,0.009212001,10.75,0.096432166,3.66E-05
2015,WW,A427,0.016472324,0.011476831,11.5,0.127835729,6.11E-05
2015,WS,A632,0.008040623,0.00570115,16.5,0.087356558,5.48E-05
2015,WW,A632,0.007581938,0.005564149,13,0.068729276,4.03E-05
2015,WS,A648,0.006204087,0.003772354,16,0.058092813,2.82E-05
2015,WW,A648,0.005506507,0.004055338,10.5,0.042621621,2.01E-05
2015,WS,A654,0.0102339,0.006701798,23,0.149206018,4.31E-05
2015,WW,A654,0.008217312,0.005402154,22.75,0.114512942,2.63E-05
2015,WS,A71,0.007238537,0.005118037,11,0.056027995,3.39E-05
2015,WW,A71,0.007417504,0.006051654,11.75,0.066550808,4.56E-05
2015,WS,A797NW,0.009751915,0.006474742,18,0.117595154,8.74E-05
2015,WW,A797NW,0.011490967,0.007739024,20.25,0.136655813,0.000124024
2015,WS,B107,0.007713452,0.005565982,17.25,0.091970037,2.07E-05
2015,WW,B107,0.01037978,0.006899802,16.25,0.109945254,3.48E-05
2015,WS,B110,0.00765444,0.005574681,18.25,0.099899773,6.57E-05
2015,WW,B110,0.006931876,0.00553941,15.5,0.082079313,5.55E-05
2015,WS,B112,0.007700324,0.005021369,13.75,0.067182582,4.62E-05
2015,WW,B112,0.007877659,0.006504298,11.75,0.071283314,5.07E-05
2015,WS,B113,0.007390397,0.005180496,19,0.094662371,5.83E-05
2015,WW,B113,0.007416851,0.005203846,19.75,0.101918871,6.47E-05
2015,WS,B14A,0.006264505,0.004975647,15.5,0.069794916,3.82E-05
2015,WW,B14A,0.006472048,0.005244098,16,0.07394741,4.28E-05
2015,WS,B2,0.013358855,0.010036368,15,0.136318452,0.000147227
2015,WW,B2,0.013830277,0.009088953,18.5,0.166963153,0.000190232
2015,WS,B37,0.00757655,0.004988057,21.5,0.103743487,6.61E-05
2015,WW,B37,0.005933677,0.004115265,18.25,0.072165413,3.72E-05
2015,WS,B46,0.0092689,0.007041281,15,0.102223082,7.99E-05
2015,WW,B46,0.011600862,0.00728336,19.5,0.130567175,0.000114805
2015,WS,B7,0.00788517,0.006434817,13.5,0.08709219,6.85E-05
2015,WW,B7,0.007073449,0.005160656,13.75,0.077987398,5.42E-05
2015,WS,B87,0.013481814,0.009938312,12.25,0.122665021,0.000140375
2015,WW,B87,0.014739482,0.010014569,13.25,0.130814069,0.00015581
2015,WS,B90,0.006140893,0.004270392,14,0.059165966,2.92E-05
2015,WW,B90,0.006845331,0.00479619,13,0.060352763,3.36E-05
2015,WS,B91,0.011441489,0.007315774,14.25,0.107390106,9.65E-05
2015,WW,B91,0.010880094,0.007683424,13,0.095159593,8.94E-05
2015,WS,BSSSC0_003,0.008586766,0.005235539,25.25,0.126586897,2.97E-05
2015,WW,BSSSC0_003,0.007308594,0.005199151,18.75,0.08987297,1.97E-05
2015,WS,BSSSC0_013,0.00723172,0.004978528,10.5,0.052263928,1.24E-05
2015,WW,BSSSC0_013,0.008286318,0.006531823,13.25,0.08144995,2.13E-05
2015,WS,BSSSC0_014,0.012648134,0.008176745,20,0.156760314,5.89E-05
2015,WW,BSSSC0_014,0.009512203,0.006475356,19.25,0.122252782,3.27E-05
2015,WS,BSSSC0_019,0.008593978,0.006444049,16.25,0.098284024,2.66E-05
2015,WW,BSSSC0_019,0.010514186,0.008155354,20.5,0.159543674,5.23E-05
2015,WS,BSSSC0_026,0.007982101,0.005411825,18.25,0.094730613,2.16E-05
2015,WW,BSSSC0_026,0.00792588,0.005849383,16.25,0.093850579,2.30E-05
2015,WS,BSSSC0_031,0.00924421,0.00659665,17.25,0.107528234,2.95E-05
2015,WW,BSSSC0_031,0.008673966,0.006866937,13.25,0.088329755,2.56E-05
2015,WS,BSSSC0_034,0.013620122,0.010436657,16,0.15979626,6.80E-05
2015,WW,BSSSC0_034,0.010497468,0.007960383,18.75,0.144631285,4.71E-05
2015,WS,BSSSC0_042,0.007688538,0.005231032,19.25,0.096614434,2.19E-05
2015,WW,BSSSC0_042,0.007271386,0.004921651,18.75,0.087186153,1.81E-05
2015,WS,BSSSC0_044,0.008172729,0.006129342,13.75,0.079586291,2.03E-05
2015,WW,BSSSC0_044,0.008522022,0.006147945,17.25,0.098749857,2.53E-05
2015,WS,BSSSC0_048,0.011717452,0.009235523,14.5,0.133258372,5.08E-05
2015,WW,BSSSC0_048,0.010954122,0.007941533,17.5,0.122461932,3.91E-05
2015,WS,BSSSC0_049,0.010905276,0.00786679,16,0.127324822,4.27E-05
2015,WW,BSSSC0_049,0.00982101,0.005836188,19.5,0.119057025,3.40E-05
2015,WS,BSSSC0_051,0.007848514,0.005162189,16,0.077175826,1.68E-05
2015,WW,BSSSC0_051,0.010061139,0.007264584,18.5,0.126027307,3.69E-05
2015,WS,BSSSC0_054,0.006116147,0.004637349,11.25,0.048666591,9.43E-06
2015,WW,BSSSC0_054,0.007835565,0.005185956,18.25,0.087209757,1.96E-05
2015,WS,BSSSC0_058,0.008175187,0.004953122,19.5,0.099468112,2.27E-05
2015,WW,BSSSC0_058,0.011812848,0.006255061,24.75,0.148426791,4.29E-05
2015,WS,BSSSC0_060,0.006439378,0.004885263,15.75,0.074245931,1.54E-05
2015,WW,BSSSC0_060,0.007737055,0.005951827,19.25,0.111845466,2.75E-05
2015,WS,C15,0.00892229,0.006344392,11,0.070243571,1.88E-05
2015,WW,C15,0.010771853,0.007135668,10,0.064132178,2.11E-05
2015,WS,CH9,0.01009556,0.0083241,13,0.1028127,3.32E-05
2015,WW,CH9,0.01024898,0.006864889,13.75,0.094410661,2.79E-05
2015,WS,CI_21E,0.009987708,0.007798136,17,0.126848051,0.000114308
2015,WW,CI_21E,0.009971052,0.007199265,18.5,0.114140892,9.49E-05
2015,WS,CI_91B,0.012995369,0.009185703,13,0.116502245,0.000128
2015,WW,CI_91B,0.009549434,0.006514749,15.75,0.095891954,7.23E-05
2015,WS,CL17,0.008267469,0.006394876,13.5,0.076424134,1.98E-05
2015,WW,CL17,0.006349227,0.004300022,15,0.058990313,1.04E-05
2015,WS,CL27,0.009026537,0.006213346,21.25,0.127893426,3.39E-05
2015,WW,CL27,0.011525513,0.007934485,23.5,0.172632071,5.72E-05
2015,WS,CM7,0.010098746,0.008290949,11.5,0.084451935,7.98E-05
2015,WW,CM7,0.00977445,0.005759037,17.25,0.098987303,7.72E-05
2015,WS,CM99,0.00813321,0.005442088,14.25,0.071258822,4.89E-05
2015,WW,CM99,0.010558411,0.006714453,22.25,0.137075797,0.000107197
2015,WS,CO256,0.009128796,0.004951561,15.5,0.075741327,5.42E-05
2015,WW,CO256,0.009700479,0.007341982,11.5,0.083102169,6.67E-05
2015,WS,CO257,0.006985435,0.005828762,9.5,0.053350998,3.17E-05
2015,WW,CO257,0.006188737,0.004727689,12.25,0.054382509,2.58E-05
2015,WS,CS405,0.011546821,0.007771968,12.5,0.098303365,3.24E-05
2015,WW,CS405,0.007970791,0.005629006,15,0.079054074,1.83E-05
2015,WS,DE2,0.008303529,0.005986658,15.25,0.089039159,2.28E-05
2015,WW,DE2,0.008364832,0.005726532,13.25,0.07530348,1.90E-05
2015,WS,DK4676A,0.008779843,0.006687265,17,0.107197912,8.01E-05
2015,WW,DK4676A,0.008551235,0.005982501,14,0.078405913,5.77E-05
2015,WS,DK78002A,0.010835189,0.008036868,16.25,0.116489672,0.000120531
2015,WW,DK78002A,0.01018529,0.006807693,17.25,0.103874775,8.20E-05
2015,WS,DK78004,0.011634841,0.009503598,12,0.11131997,4.51E-05
2015,WW,DK78004,0.00919979,0.006953401,12.25,0.083334754,2.48E-05
2015,WS,DK91IFC2,0.008364832,0.005816355,23.75,0.135359537,3.43E-05
2015,WW,DK91IFC2,0.008709043,0.006429871,18,0.112665509,3.08E-05
2015,WS,DKIBB15,0.009917166,0.007477105,13.25,0.095686698,7.96E-05
2015,WW,DKIBB15,0.009789472,0.006125544,13.5,0.084118167,6.85E-05
2015,WS,DKMBPM,0.011661769,0.008214855,15.375,0.11739349,0.000113808
2015,WW,DKMBPM,0.009784492,0.006394321,18.25,0.108628507,8.21E-05
2015,WS,DKPB80,0.008228245,0.006184574,14.5,0.088535194,6.45E-05
2015,WW,DKPB80,0.008206364,0.006098927,19.25,0.104618728,7.30E-05
2015,WS,E2558W,0.011120818,0.008947123,10.25,0.087535938,3.14E-05
2015,WW,E2558W,0.015708994,0.011802111,15.5,0.176604599,8.59E-05
2015,WS,EAST_028,0.012173942,0.00886525,20.25,0.173401631,6.34E-05
2015,WW,EAST_028,0.010565819,0.007952105,22,0.152892687,4.75E-05
2015,WS,F2834T,0.011251255,0.008643739,13.75,0.106155298,9.26E-05
2015,WW,F2834T,0.010681369,0.008055238,14.25,0.109089641,9.13E-05
2015,WS,F42,0.011164711,0.007944934,16.5,0.129107021,0.000122241
2015,WW,F42,0.009718441,0.007389009,12.75,0.088716121,7.20E-05
2015,WS,F431,0.006535405,0.005267448,13.75,0.069870682,4.18E-05
2015,WW,F431,0.009118999,0.00701744,13.5,0.09379807,6.93E-05
2015,WS,H124w,0.008603488,0.00670041,14,0.091402425,6.95E-05
2015,WW,H124w,0.010861642,0.007793972,18.25,0.129244023,0.000102843
2015,WS,H52,0.008873445,0.005957072,14,0.08330148,2.33E-05
2015,WW,H52,0.009685292,0.00706404,13,0.089040142,2.59E-05
2015,WS,H71,0.007712633,0.00568367,18.5,0.100559916,2.30E-05
2015,WW,H71,0.01012031,0.006334148,25.5,0.156171057,4.21E-05
2015,WS,H96,0.008681215,0.006205557,14,0.0856598,7.96E-05
2015,WW,H96,0.007620965,0.006240337,12.25,0.074341759,5.70E-05
2015,WS,Ia5125B,0.008536865,0.006075087,11.5,0.065665771,4.85E-05
2015,WW,Ia5125B,0.009300742,0.00674058,14.25,0.085640861,6.68E-05
2015,WS,ICI_441,0.011265715,0.007416283,19.25,0.139176024,4.30E-05
2015,WW,ICI_441,0.015344129,0.009560966,24.25,0.224153322,9.39E-05
2015,WS,INBRED_309,0.007413095,0.005522346,13.5,0.073788039,5.00E-05
2015,WW,INBRED_309,0.010021346,0.007854716,17,0.126787633,0.000115125
2015,WS,J8606,0.008264332,0.006300837,11.5,0.069251318,4.64E-05
2015,WW,J8606,0.009559068,0.006541365,16,0.104454293,8.02E-05
2015,WS,K148,0.012752873,0.009469423,17,0.148957039,5.65E-05
2015,WW,K148,0.011240473,0.008194693,19,0.150988871,5.33E-05
2015,WS,K64,0.009589077,0.007935714,9,0.070347163,2.31E-05
2015,WW,K64,0.010743825,0.008308364,12.25,0.098659706,3.31E-05
2015,WS,KO679Y,0.007673622,0.005732925,13.75,0.076437083,1.78E-05
2015,WW,KO679Y,0.00855087,0.006513547,20.5,0.129512039,3.53E-05
2015,WS,Ky226,0.010015467,0.006765809,21.5,0.136533834,0.000102873
2015,WW,Ky226,0.009806781,0.006851944,21.75,0.142723385,0.000134314
2015,WS,LH123HT,0.010026081,0.006926405,18,0.120607714,9.42E-05
2015,WW,LH123HT,0.008034582,0.005660164,15,0.079990165,5.29E-05
2015,WS,LH128,0.010641217,0.008493091,11.25,0.092834172,3.13E-05
2015,WW,LH128,0.007966202,0.006409546,9.25,0.058329919,1.54E-05
2015,WS,LH145,0.007635824,0.006013036,14.75,0.085984585,5.89E-05
2015,WW,LH145,0.008524945,0.00632631,14.25,0.084959934,5.85E-05
2015,WS,LH149,0.012187731,0.008367696,18.25,0.14366917,0.000144314
2015,WW,LH149,0.006648729,0.004703522,17.5,0.078947714,4.41E-05
2015,WS,LH165,0.0088682,0.006774574,11,0.06853956,1.84E-05
2015,WW,LH165,0.010012785,0.006112049,15.25,0.092980054,2.57E-05
2015,WS,LH192,0.00692783,0.005583193,19,0.097437262,2.09E-05
2015,WW,LH192,0.009229622,0.006500434,21.5,0.139107837,3.65E-05
2015,WS,LH197,0.006406268,0.005022784,13.5,0.066448065,1.37E-05
2015,WW,LH197,0.011542396,0.008435886,23.75,0.193997115,7.23E-05
2015,WS,LH202,0.009233392,0.007497173,12.5,0.090214723,2.79E-05
2015,WW,LH202,0.013861234,0.010258896,15.25,0.152047567,6.53E-05
2015,WS,LH205,0.009123571,0.006600721,13.5,0.086631546,6.29E-05
2015,WW,LH205,0.011129766,0.006930488,18.75,0.134738936,0.000132986
2015,WS,LH206,0.009264371,0.006337098,14,0.089210445,2.37E-05
2015,WW,LH206,0.006934223,0.005311675,12.5,0.062937926,1.40E-05
2015,WS,LH214,0.008145683,0.00526324,29,0.151964629,3.29E-05
2015,WW,LH214,0.008789031,0.005986986,30.5,0.178717731,4.44E-05
2015,WS,LH222,0.009268141,0.006392991,16.25,0.096388402,2.60E-05
2015,WW,LH222,0.00802144,0.005401334,19.25,0.102498321,2.71E-05
2015,WS,LH38,0.007267124,0.005506155,15.75,0.083962858,1.88E-05
2015,WW,LH38,0.009777574,0.007447835,18.5,0.132792212,4.04E-05
2015,WS,LH54,0.005965192,0.004423069,11.25,0.04541733,2.53E-05
2015,WW,LH54,0.007804994,0.005566843,11.5,0.063691415,4.28E-05
2015,WS,LH74,0.007530012,0.005330968,17.25,0.089019026,5.94E-05
2015,WW,LH74,0.00870081,0.006878643,14.75,0.093028969,7.02E-05
2015,WS,LH93,0.007441508,0.005291207,17,0.089434603,5.50E-05
2015,WW,LH93,0.008296827,0.005739034,18.25,0.103273697,6.30E-05
2015,WS,Mo15W,0.008505303,0.006549526,8,0.056998804,1.73E-05
2015,WW,Mo15W,0.0105986,0.007748775,12,0.091508466,2.94E-05
2015,WS,MS132,0.009872642,0.007997181,15.25,0.10562491,3.31E-05
2015,WW,MS132,0.010648429,0.00774607,14.5,0.109625301,3.53E-05
2015,WS,MS223,0.00882883,0.006826226,13.75,0.090084338,6.10E-05
2015,WW,MS223,0.010932021,0.007730043,18.75,0.141018627,0.000131546
2015,WS,MS226,0.007595491,0.005460051,17.5,0.087468414,5.34E-05
2015,WW,MS226,0.008978241,0.005226462,15,0.076870977,5.29E-05
2015,WS,MS24A,0.00564759,0.004505695,9.75,0.043933994,2.28E-05
2015,WW,MS24A,0.006864926,0.0048771,22.5,0.104534307,5.40E-05
2015,WS,MS67,0.011011326,0.00597584,15.75,0.103859759,3.14E-05
2015,WW,MS67,0.008259929,0.005571227,13,0.069113409,1.65E-05
2015,WS,MS72,0.008974086,0.006762117,15.5,0.104000229,2.85E-05
2015,WW,MS72,0.006859972,0.00514629,11.25,0.056814897,1.28E-05
2015,WS,N200,0.008451301,0.005296677,22,0.112614608,6.96E-05
2015,WW,N200,0.00658129,0.004654208,17.75,0.07840624,4.15E-05
2015,WS,N523,0.009663411,0.007077205,15,0.103478138,8.52E-05
2015,WW,N523,0.009522818,0.007256172,14.25,0.097152399,8.28E-05
2015,WS,N545,0.009641204,0.00721241,16,0.107298664,8.50E-05
2015,WW,N545,0.010680226,0.007951303,17.5,0.138514067,0.00012803
2015,WS,N6,0.009692804,0.007049282,11.25,0.077550921,6.61E-05
2015,WW,N6,0.011344658,0.006741478,14,0.100297553,9.13E-05
2015,WS,NC236,0.00640299,0.004909276,14.5,0.069180941,1.39E-05
2015,WW,NC236,0.00825747,0.006998558,12.75,0.088408268,2.58E-05
2015,WS,NC250,0.007649867,0.005641059,11.25,0.061785154,3.99E-05
2015,WW,NC250,0.009932515,0.007894314,12.75,0.096079576,8.39E-05
2015,WS,NC262,0.009386156,0.00733482,11,0.076799488,2.33E-05
2015,WW,NC262,0.00603075,0.003635283,11.5,0.047022079,9.07E-06
2015,WS,NC318,0.008126025,0.005807779,13.5,0.073677817,5.00E-05
2015,WW,NC318,0.007398235,0.00614669,14.75,0.085765286,5.53E-05
2015,WS,NC326,0.007739677,0.00603108,13.25,0.072346012,5.10E-05
2015,WW,NC326,0.009051396,0.006518341,16.75,0.104826597,7.79E-05
2015,WS,NC368,0.005561372,0.003911805,11,0.041571333,2.26E-05
2015,WW,NC368,0.007404767,0.005626444,14,0.075511741,4.82E-05
2015,WS,NC412,0.012148867,0.009120386,14,0.124046953,0.000131818
2015,WW,NC412,0.010421736,0.008159499,12.25,0.096596232,9.22E-05
2015,WS,NC472,0.005622607,0.004135269,16.25,0.067021086,3.44E-05
2015,WW,NC472,0.00593482,0.004337831,15.75,0.073834739,4.53E-05
2015,WS,ND265,0.009927943,0.007377987,11.25,0.077597622,5.86E-05
2015,WW,ND265,0.012037992,0.008008618,18,0.12510214,0.000142348
2015,WS,NK740,0.008783761,0.006368031,16.5,0.09942133,7.94E-05
2015,WW,NK740,0.008787681,0.006724822,19.75,0.123624682,8.65E-05
2015,WS,NK792,0.005685227,0.004279451,15.5,0.064410661,1.17E-05
2015,WW,NK792,0.0071873,0.005633186,21,0.108669377,2.41E-05
2015,WS,NP87,0.007601993,0.006113442,8,0.047035848,1.21E-05
2015,WW,NP87,0.008773624,0.006390205,11.25,0.068458097,1.85E-05
2015,WS,NS501,0.00709715,0.005451327,12.5,0.064658658,1.43E-05
2015,WW,NS501,0.009678081,0.00677064,17.75,0.115635727,3.37E-05
2015,WS,NS701,0.006400204,0.004837893,13,0.061242768,1.23E-05
2015,WW,NS701,0.009398941,0.00711772,15.25,0.107431363,3.11E-05
2015,WS,OC19,0.009747087,0.007254012,11,0.07588864,2.46E-05
2015,WW,OC19,0.011327346,0.008726991,14.5,0.117455622,3.95E-05
2015,WS,OQ603,0.008352047,0.006145241,11.75,0.072079857,1.99E-05
2015,WW,OQ603,0.00779049,0.006009277,13.75,0.080554836,2.02E-05
2015,WS,Pa778,0.010815594,0.008941909,14.25,0.120280805,0.000141046
2015,WW,Pa778,0.010706516,0.008253391,16.25,0.128124661,0.000117881
2015,WS,Pa891,0.006623092,0.00521691,14.5,0.068670166,4.05E-05
2015,WW,Pa891,0.007870474,0.005780183,14.75,0.082597272,5.56E-05
2015,WS,Pa91,0.006147752,0.004673966,12.5,0.057918254,3.05E-05
2015,WW,Pa91,0.006896605,0.005109709,17,0.081127326,4.19E-05
2015,WS,PHAW6,0.00610369,0.004072596,19.75,0.078391056,1.36E-05
2015,WW,PHAW6,0.005389369,0.003976463,14,0.053098233,8.61E-06
2015,WS,PHB47,0.00687603,0.004944703,15.25,0.07402726,4.29E-05
2015,WW,PHB47,0.007608555,0.005304189,15,0.080081608,5.64E-05
2015,WS,PHBA6,0.009233139,0.007196734,15,0.100939613,7.78E-05
2015,WW,PHBA6,0.01014512,0.008037684,13,0.097882147,9.73E-05
2015,WS,PHEG9,0.006153682,0.004648494,17,0.074544904,1.41E-05
2015,WW,PHEG9,0.008082414,0.005965596,15.75,0.088763955,2.16E-05
2015,WS,PHEM7,0.008663312,0.00594527,21,0.122952352,3.02E-05
2015,WW,PHEM7,0.007197791,0.00553443,14.75,0.077862775,1.75E-05
2015,WS,PHG50,0.009486305,0.006474045,11.25,0.072387189,2.01E-05
2015,WW,PHG50,0.011647134,0.008200265,16,0.129934764,4.46E-05
2015,WS,PHG71,0.008592548,0.006287774,13,0.075263374,5.86E-05
2015,WW,PHG71,0.005580967,0.003896945,12.75,0.049221526,2.22E-05
2015,WS,PHGG7,0.005965677,0.0043469,13,0.056499042,1.02E-05
2015,WW,PHGG7,0.007277779,0.005304217,20.25,0.103377862,2.21E-05
2015,WS,PHJ33,0.010580455,0.007856512,14,0.10569449,0.000101754
2015,WW,PHJ33,0.013937559,0.010572454,13.5,0.144713256,0.000175797
2015,WS,PHJ40,0.0082191,0.005712254,14.75,0.083361639,5.40E-05
2015,WW,PHJ40,0.006457025,0.004620978,17,0.074404788,4.06E-05
2015,WS,PHJ89,0.009004081,0.006785884,14,0.093157895,2.70E-05
2015,WW,PHJ89,0.007785409,0.005601305,14.5,0.076645904,1.83E-05
2015,WS,PHJ90,0.010708912,0.008102657,14,0.105142356,3.44E-05
2015,WW,PHJ90,0.010330443,0.007705257,15.25,0.115793408,3.72E-05
2015,WS,PHK74,0.010018194,0.006964219,17.5,0.119594159,3.55E-05
2015,WW,PHK74,0.007621826,0.005369864,15.75,0.086189414,1.97E-05
2015,WS,PHM49,0.006968808,0.005015817,16.25,0.07764543,1.62E-05
2015,WW,PHM49,0.007452671,0.00616114,16.75,0.101390124,2.55E-05
2015,WS,PHM81,0.007083381,0.005600485,9.5,0.055576391,1.49E-05
2015,WW,PHM81,0.013485879,0.010890852,11.5,0.124627351,5.49E-05
2015,WS,PHN11,0.008621777,0.006566104,11,0.068518793,5.03E-05
2015,WW,PHN11,0.007461103,0.005484626,14.75,0.074197083,4.42E-05
2015,WS,PHN34,0.014679638,0.011109509,13.25,0.14142307,6.48E-05
2015,WW,PHN34,0.009572686,0.007017489,14.5,0.096461343,2.82E-05
2015,WS,PHN47,0.009705945,0.006980282,16.25,0.106618533,3.09E-05
2015,WW,PHN47,0.008993919,0.006607468,13.5,0.087903097,2.50E-05
2015,WS,PHP76,0.006702454,0.005377158,19.75,0.09580144,2.00E-05
2015,WW,PHP76,0.007674769,0.005765461,20.25,0.108493009,2.51E-05
2015,WS,PHP85,0.005496383,0.004270555,17,0.067247408,3.15E-05
2015,WW,PHP85,0.006911301,0.005148409,15.75,0.077674041,4.70E-05
2015,WS,PHR31,0.009596126,0.007216312,16.25,0.111090332,3.24E-05
2015,WW,PHR31,0.009648577,0.00717386,15.25,0.108831157,3.25E-05
2015,WS,PHR55,0.009419128,0.006549611,22,0.135468685,9.70E-05
2015,WW,PHR55,0.009628141,0.006896523,23.75,0.148498835,0.000110186
2015,WS,PHR62,0.007304833,0.005621137,15,0.079905579,4.93E-05
2015,WW,PHR62,0.008559399,0.005934248,22.25,0.120007455,8.18E-05
2015,WS,PHR63,0.008889084,0.00640469,14,0.089069156,7.64E-05
2015,WW,PHR63,0.008062178,0.006741478,11.5,0.074807628,5.47E-05
2015,WS,PHT10,0.007015359,0.005041142,17,0.085436248,1.80E-05
2015,WW,PHT10,0.007357603,0.005919291,14.75,0.084359521,2.01E-05
2015,WS,PHT47,0.007367274,0.005297825,15.25,0.07737006,1.67E-05
2015,WW,PHT47,0.006771624,0.004504581,14,0.063563574,1.29E-05
2015,WS,PHV37,0.005163595,0.004070932,14,0.05719569,2.97E-05
2015,WW,PHV37,0.007348595,0.006001606,15,0.085035863,5.37E-05
2015,WS,PHW51,0.008463833,0.006153764,16,0.089247325,2.37E-05
2015,WW,PHW51,0.008704781,0.006142864,18,0.107132389,2.68E-05
2015,WS,PHW65,0.008016783,0.004903064,16.25,0.077897914,5.26E-05
2015,WW,PHW65,0.009419454,0.005856685,25,0.13685519,0.000102903
2015,WS,PHWG5,0.010687411,0.008579158,13.5,0.112040641,0.000108413
2015,WW,PHWG5,0.01602883,0.012092776,19,0.204343616,0.000255207
2015,WS,R134,0.010918141,0.008185789,16.25,0.125295641,0.000110581
2015,WW,R134,0.00974571,0.007790298,16.25,0.122269856,0.000105585
2015,WS,R226,0.006529199,0.004773656,11,0.051904564,2.94E-05
2015,WW,R226,0.008167827,0.006294795,13.25,0.083432997,6.15E-05
2015,WS,R30,0.008532456,0.005605298,11.25,0.064153203,4.67E-05
2015,WW,R30,0.009177457,0.006281568,12.25,0.076482506,5.82E-05
2015,WS,SD101,0.010209131,0.007203756,10,0.072216033,6.54E-05
2015,WW,SD101,0.009627324,0.007037117,11,0.080080138,7.49E-05
2015,WS,SD107,0.006019568,0.004267698,13.25,0.052420239,2.52E-05
2015,WW,SD107,0.008049931,0.005941841,15,0.078786545,5.28E-05
2015,WS,SD15,0.008215671,0.006054349,13.25,0.067679805,4.11E-05
2015,WW,SD15,0.008573443,0.005603094,13,0.072975991,5.20E-05
2015,WS,SD40,0.010354949,0.007396603,16.25,0.111867552,0.00010093
2015,WW,SD40,0.011649359,0.008850221,18.25,0.150998333,0.000152808
2015,WS,T8,0.010410632,0.006369582,22,0.132190614,0.000103
2015,WW,T8,0.007687424,0.005239852,18.75,0.085043049,4.62E-05
2015,WS,Tr,0.008057606,0.006194861,9.75,0.057613879,4.22E-05
2015,WW,Tr,0.014916817,0.012168789,12.75,0.138777455,0.000197396
2015,WS,TZU-CHIAO-HSI-WU_105,0.011366028,0.007590601,18.5,0.134277074,4.34E-05
2015,WW,TZU-CHIAO-HSI-WU_105,0.01054828,0.007597404,19,0.139723976,4.53E-05
2015,WS,Va99,0.008602835,0.00584256,17,0.093709568,6.31E-05
2015,WW,Va99,0.010120627,0.008106266,11.5,0.09139867,8.79E-05
2015,WS,W182B,0.007389091,0.005441027,13.5,0.071271393,4.57E-05
2015,WW,W182B,0.007011235,0.005479319,16.25,0.08621499,5.37E-05
2015,WS,W182BN,0.008013354,0.006008056,15,0.087192124,6.05E-05
2015,WW,W182BN,0.008273476,0.006342966,17.5,0.11048823,7.82E-05
2015,WS,W23,0.0098107,0.007458163,14,0.10202207,8.69E-05
2015,WW,W23,0.00947432,0.006691348,18,0.110154463,8.10E-05
2015,WS,W810G,0.009640551,0.006597047,13.25,0.086313782,6.84E-05
2015,WW,W810G,0.010194434,0.007552546,11.5,0.086933635,7.37E-05
2015,WS,W811G,0.011040174,0.009463932,12.5,0.11112967,4.18E-05
2015,WW,W811G,0.011296858,0.009111033,14.5,0.132963497,5.00E-05
2015,WS,W812G,0.008959463,0.006736335,19.5,0.126309518,0.000101789
2015,WW,W812G,0.009214197,0.006475558,23.75,0.139237282,9.90E-05
2015,WS,W813G,0.008697707,0.006221396,18,0.11423707,8.42E-05
2015,WW,W813G,0.008348264,0.006210128,16.75,0.102573995,7.04E-05
2015,WS,W818G,0.005735768,0.00446528,13.75,0.058431153,2.99E-05
2015,WW,W818G,0.007014828,0.005242383,19.25,0.092377928,5.55E-05
2015,WS,W820G,0.009010802,0.007210412,15.25,0.104461473,3.00E-05
2015,WW,W820G,0.008517432,0.00606976,18.5,0.110478291,2.82E-05
2015,WS,W821G,0.011646747,0.008838872,16.75,0.144804859,0.000153735
2015,WW,W821G,0.012247168,0.009033271,14.75,0.132521769,0.000141687
2015,WS,W8304,0.009768887,0.007379321,14,0.09691816,2.99E-05
2015,WW,W8304,0.006762281,0.005337081,12.75,0.063685358,1.39E-05
2015,WS,WIL903,0.009724645,0.007425423,17,0.122666489,0.000108615
2015,WW,WIL903,0.008210773,0.00582419,17.75,0.09695204,6.82E-05
